 , Add to Front, Add to End, Add to Middle, Remove from Front, Remove from Middle, Remove from End, Search Worst-Case
Small List,1.2499949662014842e-06,5.409965524449944e-07,2.090018824674189e-07,4.999965312890708e-07,4.169996827840805e-07,1.6600097296759486e-07,9.875002433545887e-06
Medium List,6.158299947855994e-05,2.89169984171167e-05,1.6700505511835217e-07,2.0167004549875855e-05,1.0249998013023287e-05,1.2500095181167126e-07,0.0008319160042447038
Large List,0.14316812500328524,0.048057959000288974,3.7500285543501377e-07,0.0408335000029183,0.008537333997082897,2.090018824674189e-07,0.6970810830025584
Small Dictionary,1.6700505511835217e-07,n/a,n/a,1.2500095181167126e-07,n/a,n/a,3.3299875212833285e-07
Medium Dictionary,1.2500095181167126e-07,n/a,n/a,3.3299875212833285e-07,n/a,n/a,3.3299875212833285e-07
Large Dictionary,1.208300091093406e-05,n/a,n/a,3.4580007195472717e-06,n/a,n/a,4.749999789055437e-06
