 , Add to Front, Add to End, Add to Middle, Remove from Front, Remove from Middle, Remove from End
Small List,1.291002263315022e-06,4.579997039400041e-07,2.500019036233425e-07,4.169996827840805e-07,2.910019247792661e-07,1.2500095181167126e-07
Medium List,5.13339982717298e-05,2.4666995159350336e-05,1.2500095181167126e-07,1.7207996279466897e-05,8.70799703989178e-06,8.299684850499034e-08
Large List,0.11267499999667052,0.04539529199973913,6.669943104498088e-07,0.052260582997405436,0.00853225000173552,2.079978003166616e-07
