 , Add to Front, Add to End, Add to Middle, Remove from Front, Remove from Middle, Remove from End, Search Worst-Case
Small List,5.07079967064783e-05,2.316699828952551e-05,2.4999462766572833e-07,1.6083002265077084e-05,8.04100272944197e-06,1.2500095181167126e-07,0.0006539169989991933
Medium List,0.010843083000509068,0.004124665996641852,1.7500060494057834e-06,0.013860332997865044,0.0008545409946236759,5.830006557516754e-07,0.06362645799526945
Large List,0.14502979099779623,0.048174540999752935,7.080016075633466e-07,0.0522495830009575,0.008538415997463744,3.7500285543501377e-07,0.73443054100062
Small Dictionary,1.0419971658848226e-06,n/a,n/a,1.6700505511835217e-07,n/a,n/a,5.830006557516754e-07
Medium Dictionary,7.920025382190943e-07,n/a,n/a,2.959000994451344e-06,n/a,n/a,7.499984349124134e-07
Large Dictionary,1.2500000593718141e-05,n/a,n/a,2.624998160172254e-06,n/a,n/a,4.499997885432094e-06
